<?xml version="1.0" encoding="UTF-8"?>
<EmailTemplate xmlns="http://soap.sforce.com/2006/04/metadata">
    <available>true</available>
    <description>Email a user receives when they try to reset their password, but have been locked out because of too many failed login attempts.</description>
    <encodingKey>UTF-8</encodingKey>
    <name>Communities: User Lockout Email</name>
    <style>none</style>
    <subject>You&apos;ve been locked out of {!Community_Name}</subject>
    <type>text</type>
</EmailTemplate>
